[
  {
    "chunk_id": 1,
    "source_file": "example_cleaned.txt",
    "text": "Detection of mineralogical and lithological transitions in igneous intrusion–limestone boundaries using close-range hyperspectral remote sensing: A resource perspective Abstract This study presents a solution for detecting complex geological formations in areas where field surveys are difficult or impossible. Even when accessible, conventional surveys often fail to delineate subtle lithological transitions without extensive laboratory analysis, which alone cannot define spatial distribution. We interpreted an inaccessible limestone quarry using petrographic, chemical, and spectral analyses combined with close-range hyperspectral remote sensing. Analyses revealed that igneous intrusion significantly altered the outcrop, producing mineralogical and lithological transitions in both igneous and carbonate bodies. Late-stage magmatic and hydrothermal activity formed four discrete igneous phases and widespread metasomatism. Hydrothermal alteration caused extensive dolomitization, transforming limestone into dolostone. Transitions were marked by calcite and sericite in igneous rocks and quartz in carbonate rocks. Spectrally, dykes showed Al-OH absorption (plagioclase, sericite), while metasomatic interaction introduced secondary calcite with CO3^2- absorption. Dolomitization was distinguished by Mg-OH absorption. A 3D-CNN model with spectral normalization mapped these transitions effectively. Most dykes showed metasomatism, with only cores retaining pure igneous signatures. Limestones were concentrated near dyke contacts (marble formation by contact metamorphism), while dolostone dominated the outcrop due to regional dolomitization. Results show igneous intrusion reduced economic value by ~80% compared to pure limestone. This approach captures gradational lithological boundaries, addressing limitations of conventional survey methods. 1. Introduction Limestone quarries supply construction materials, agricultural minerals, and energy resources. Igneous intrusion can degrade limestone quality by altering mineral composition and rock properties through hydrothermal alteration and contact metamorphism. Detecting intrusion-related lithological changes requires advanced analysis. Traditional fieldwork is essential but limited in complex settings, especially at steep quarry faces where distance hampers detailed observation. Transitional lithological boundaries caused by metasomatism, contact metamorphism, and hydrothermal alteration are particularly challenging to define with conventional methods. Lithological transitions are critical for interpreting basin evolution, tectonic history, and mineralization. Intrusion-induced transitions obscure original rock relationships by producing gradational boundaries and cryptic alteration zones. Recent studies have applied hyperspectral UAV, airborne, and satellite systems to map lithologies in various regions (California, Iran, Sinai, China, Pakistan). However, these lacked spatially resolved mapping and detailed interpretation of transition zones in geologically overprinted environments. Ground-based hyperspectral imaging offers superior spatial resolution for quarries, cliffs, and roadcuts. By capturing narrow wavelength bands, it enables identification of subtle compositional changes that conventional methods miss. This makes it ideal for mapping complex lithological transitions. Despite prior hyperspectral studies of carbonates, no work has clearly mapped lithological transition zones caused by igneous intrusion. This gap highlights the need for advanced mapping techniques. The objective of this study is to map lithological variations in a limestone quarry intruded by an igneous dyke using ground-based SWIR hyperspectral remote sensing. The quarry outcrop is geologically complex and inaccessible, with dyke intrusion producing intricate compositional transitions. We integrated field surveys, microscopic observation, chemical analysis, and spectroscopy, then applied advanced machine learning (Random Forest, 3D-CNN) with reflectance normalization to enhance mapping. This provides high-precision mapping of lithological transitions in complex geological"
  },
  {
    "chunk_id": 2,
    "source_file": "example_cleaned.txt",
    "text": "sensing. The quarry outcrop is geologically complex and inaccessible, with dyke intrusion producing intricate compositional transitions. We integrated field surveys, microscopic observation, chemical analysis, and spectroscopy, then applied advanced machine learning (Random Forest, 3D-CNN) with reflectance normalization to enhance mapping. This provides high-precision mapping of lithological transitions in complex geological environments. 2. Materials and methods 2.1. Study area The study was conducted in the Okgye limestone quarry, Gangwon-do, South Korea (37°33′38″N, 128°57′30″E). The quarry is part of the Pungchon Formation of the Joseon Supergroup (Lower Paleozoic). The target outcrop shows clear dyke intrusion into carbonate rocks, producing lithological variations. It is located on the second bench level, measuring 270 m × 40 m. 2.2. Field survey and sampling A field survey was carried out to map lithological distribution. Twenty representative samples were collected: limestones, dolostones, and igneous dyke. Microscopic observation determined rock types. Chemical composition of 26 outcrop spots and 20 samples was analyzed using portable XRF (pXRF). Spectral reflectance of samples was used as reference training data for hyperspectral image classification. 2.3. Laboratory analyses 2.3.1. Petrography Thin sections were prepared: 10 limestone, 5 dolostone, 5 dyke. Mineral assemblages were analyzed to define rock types. Calcite and dolomite were differentiated using alizarin red-S and HCl staining. Carbonate classification used a trilinear diagram (calcite, dolomite, other). Igneous classification used the QAP ternary diagram (alkali feldspar, quartz, plagioclase). 2.3.2. Geochemistry pXRF analysis of 26 outcrop points and 20 samples was calibrated against laboratory XRF for improved precision. Chemical data confirmed rock types. 2.3.3. Spectroscopy Reflectance spectra of 20 samples were acquired with a Labspec 5100 spectrometer (350–2500 nm, 3–6 nm resolution). A contact probe with halogen source was used. Spectra were smoothed with a Savitzky–Golay filter and analyzed to determine mineralogical controls. 2.4. Field-based hyperspectral imaging 2.4.1. Acquisition A ground-based Specim SWIR hyperspectral camera scanned the outcrop. A BaSO4 panel was used for calibration. Eight scans covered two sections at 70 m distance. Two images with best illumination were selected (2345 × 671 pixels). They were aligned using 10 GCPs and rectified. 2.4.2. Pre-processing Spectra were smoothed (Savitzky–Golay filter, width=5). A Minimum Noise Fraction (MNF) transform reduced random noise. Processing was performed in ENVI and Python. Hull quotient correction enhanced absorption features. Reference spectra from samples were compared to 26 GCP points to analyze spectral variation. 2.5. Band selection and spectral normalization 2.5.1. RF band selection Random Forest (RF) was applied for classification and band importance ranking using Gini scores. The 30 most important bands were selected. 12,000 pixels were sampled (70% training, 30% validation). 2.5.2. Spectral normalization Illumination variations were corrected using band ratios from important bands. Ten top band ratios (validated with t-tests at p=0.05) were used to normalize reflectance across shadowed and illuminated regions. Normalized data were used for RF and 3D-CNN classification. 2.6. Lithology mapping Mapping used hyperspectral images with two approaches: RF and 3D-CNN. Both incorporated reflectance normalization. Results were validated with 26 GCPs. 2.6.1. RF RF classification used top 10 band ratios as input. Training was"
  },
  {
    "chunk_id": 3,
    "source_file": "example_cleaned.txt",
    "text": "across shadowed and illuminated regions. Normalized data were used for RF and 3D-CNN classification. 2.6. Lithology mapping Mapping used hyperspectral images with two approaches: RF and 3D-CNN. Both incorporated reflectance normalization. Results were validated with 26 GCPs. 2.6.1. RF RF classification used top 10 band ratios as input. Training was based on bagging/bootstrapping; 2/3 of samples trained each tree, 1/3 validated by OOB error. Parameters included ntree (number of trees) and mtry (variables per split). Classifications were based on majority votes across trees. 2.6.2. 3D-CNN 3D-CNN extracted spatial and spectral features simultaneously. Hyperspectral data (2345 × 671 pixels, 10 bands) were divided into overlapping 7 × 7 patches (stride=4). Each patch was reshaped into (7, 7, 10, 1). The architecture used three 3D convolutional layers ((3, 3, 3) kernels, 16/32/64 filters), each followed by 3D max pooling. L2 regularization (1e-3) and dropout (0.7) reduced overfitting. Features passed to a dense layer (256 neurons) and Softmax output (4 classes: limestone, dolostone, dyke, dyke with calcite). The model was trained with Adam optimizer (lr=1e-5, batch=64, 25 epochs). 2.7. Validation Classification results were evaluated using overall accuracy, kappa coefficient, user’s accuracy, and producer’s accuracy. Field observations and 26 GCPs validated the results. 3. Results 3.1. Microscopic observation Thin sections of 20 representative samples were examined to determine mineral assemblages and lithological transitions. Carbonate rocks were classified as limestone, impure limestone, and dolostone. Limestones consisted of >90% calcite; impure limestones contained 70–80% calcite plus dolomite, quartz, anhydrite, and clays. Quartz and anhydrite indicated metasomatism between carbonate rocks and the dyke. Some limestones were recrystallized to marble by contact metamorphism, showing larger, purer calcite crystals. Dolostones contained 90–100% dolomite. For hyperspectral mapping, limestone, marble, and impure limestone were grouped into a single limestone category. Thus, carbonate rocks were grouped into two classes: limestone and dolostone. Five igneous samples from the dyke showed variation from felsic (syeno-granite, monzo-granite) to intermediate (diorite) with transitional granodiorite. Diorite contained >95% plagioclase; granodiorite consisted of 50–60% plagioclase, 20% quartz, 10% orthoclase, and 15% sericite; syeno-granite contained 35% quartz, 30% orthoclase, 10% muscovite, and 25% sericite. High sericite content indicated hydrothermal alteration (sericitization). Monzo-granite contained 35% quartz, 30% orthoclase, 20% plagioclase, and 15% biotite. Calcite in some samples indicated reaction with the host carbonate. For mapping, igneous rocks were grouped as dyke (syeno- and monzo-granite) and dyke with calcite (diorite and granodiorite). 3.2. Chemical analysis of representative samples Pure limestone contained ~47.6% CaO and low MgO. Limestones with CaO <47.6% were classified as impure. Pure dolostone contained 28–32% CaO and 18–22% MgO. Of 10 limestone samples, 60% were pure (CaO 48.2–54.2%, MgO 0.86–4%). Dolostones contained CaO 28.6–31.7% and MgO 19.6–21.1%. These classifications matched petrographic observations except for one limestone. Igneous rocks were classified by SiO2 content. Felsic granites contained 65–75% SiO2; diorite 52–65%. Dyke samples matched petrography: monzo-granite 72.3% SiO2, syeno-granite 59.6%, diorite 54.5%, granodiorite 67.6–69.5%. Carbonate rocks and dykes were grouped into four classes: limestone, dolostone, dyke, and dyke with calcite. Acid tests confirmed calcite in limestones and dyke with"
  },
  {
    "chunk_id": 4,
    "source_file": "example_cleaned.txt",
    "text": "were classified by SiO2 content. Felsic granites contained 65–75% SiO2; diorite 52–65%. Dyke samples matched petrography: monzo-granite 72.3% SiO2, syeno-granite 59.6%, diorite 54.5%, granodiorite 67.6–69.5%. Carbonate rocks and dykes were grouped into four classes: limestone, dolostone, dyke, and dyke with calcite. Acid tests confirmed calcite in limestones and dyke with calcite. 3.3. Chemical analysis of GCPs Twenty-six GCPs were analyzed by pXRF and calibrated to lab XRF (correlation >0.82, NRMSE <9.3%). Three groups were defined: - Limestone: CaO 39.1–52.1% - Dolostone: CaO 11.2–37.1%, MgO 11.4–33.4% - Dyke: SiO2 50.4–88.1% Six dyke samples reacted with acid, confirming dyke with calcite. 3.4. Spectral characteristics Reflectance spectra from 20 samples revealed distinct features: - Limestone: strong CO3^2-/Mg-OH absorption at 2340 nm, minor bands at 1400, 1850, 1900, 2180 nm. - Dolostone: carbonate absorption shifted to 2320 nm (Mg-OH substitution). - Dyke: Al-OH absorption near 2203 nm. - Dyke with calcite: additional CO3^2-/Mg-OH features at 2340 nm. Field spectra from GCPs corresponded well with laboratory spectra. Dyke with calcite consistently showed both Al-OH and CO3^2- features, confirming metasomatic enrichment. 3.5. Lithology mapping 3.5.1. Band selection by random forest RF (ntree=450, mtry=2) minimized OOB error and identified 30 important bands, including 2170–2203 nm (dyke Al-OH), 2320–2374 nm (carbonate CO3^2-/Mg-OH), 1705–1771 nm, and 996–1069 nm (clay absorptions). 3.5.2. Spectral normalization Band ratios based on RF importance improved spectral consistency. Ratios such as B2369/B2313 and B2197/B2170 enhanced absorption features. Ten ratios were used as enhanced inputs for RF and 3D-CNN mapping. 3.5.3. RF lithology mapping RF with band ratios mapped limestone near dyke margins, transitioning to dolostone outward. Most intrusive bodies were dyke with calcite, with limited pure dyke preserved. Accuracy: 93.7% (kappa 0.94). RF with all bands had lower accuracy (85.8%, kappa 0.80) and more noise. 3.5.4. 3D-CNN lithology mapping 3D-CNN mapping achieved 97.5% accuracy (kappa 0.97). It reduced salt-and-pepper noise and better captured gradational transitions. Dyke with calcite was consistently mapped. Results were more geologically coherent than RF. 3.6. Optimal approaches 3D-CNN outperformed RF (88.5% vs 76.9% accuracy on validation). Both methods classified dykes well. RF misclassified ~20% of carbonates as dolostone. Band-ratio inputs improved performance under shadows. 3D-CNN produced more consistent, interpretable results. 4. Discussion Petrography revealed zonation in the dyke (diorite → granodiorite → monzo-granite → syeno-granite), reflecting magmatic differentiation. Sericite in syeno-granite and granodiorite indicated late hydrothermal fluids. Carbonate hosts showed transitions from limestone → impure limestone → dolostone, reflecting metasomatism. Chemistry supported this: dykes with secondary calcite had elevated CaO; impure limestones had enriched MgO. Spectra confirmed: limestone (CO3^2-), dolostone (Mg-OH), dyke (Al-OH), dyke with calcite (CO3^2- + Al-OH). This shows intrusion, contact metamorphism, metasomatism, and hydrothermal alteration. Mapping showed dykes throughout the outcrop, mostly metasomatized (dyke with calcite). Limestone near contacts recrystallized to marble; dolostone dominated elsewhere. Intrusion altered ~80% of resource value. From a resource perspective: - 15% high-purity limestone - 50% dolostone - 35% intrusive rocks High-purity limestone sells at $200–300/ton; medium purity $30–80/ton; dolomite $15–35/ton. Resource value was reduced to ~20% of pure limestone deposits. 5. Conclusions"
  },
  {
    "chunk_id": 5,
    "source_file": "example_cleaned.txt",
    "text": "contacts recrystallized to marble; dolostone dominated elsewhere. Intrusion altered ~80% of resource value. From a resource perspective: - 15% high-purity limestone - 50% dolostone - 35% intrusive rocks High-purity limestone sells at $200–300/ton; medium purity $30–80/ton; dolomite $15–35/ton. Resource value was reduced to ~20% of pure limestone deposits. 5. Conclusions Petrographic, chemical, and spectral data showed systematic lithological transitions in a limestone quarry intruded by a dyke. Transitions included marble, limestone, dolostone, and metasomatized dyke with calcite. Spectral features (Al-OH, CO3^2-, Mg-OH) aligned with observations. 3D-CNN mapping achieved up to 97.5% accuracy, outperforming RF, and produced coherent maps. The quarry contained ~15% limestone, 50% dolostone, 35% intrusive rocks, reducing resource value by ~80%. This approach provides a solution for detecting and quantifying lithological transitions in complex geological environments and offers practical value for quarry planning and resource evaluation."
  }
]